#;angulo;seno;cosseno
1;0.000;0.000000;1.000000
2;0.157;0.156434;0.987688
3;0.314;0.309017;0.951057
4;0.471;0.453990;0.891007
5;0.628;0.587785;0.809017
6;0.785;0.707107;0.707107
7;0.942;0.809017;0.587785
8;1.100;0.891007;0.453990
9;1.257;0.951057;0.309017
10;1.414;0.987688;0.156434
11;1.571;1.000000;0.000000
